pir_count,time_since_event_mins,magnitude,survivor_present
15,0.6556794712879388,3.2188075050696052,1
14,3.5655650546979523,4.903594689121354,1
16,13.917312215733803,4.305163964632546,1
14,21.817944614924613,4.942420490283529,1
17,23.0200359120527,4.454749694836468,1
19,15.598506551617518,2.802136479767555,1
6,12.287393005640057,4.2873205208224565,1
12,21.975800561480728,4.4498957616782135,1
11,24.10934976492889,3.912213144347858,1
19,15.77683271344658,4.215068699595722,1
16,23.01659154368092,4.746493473725206,1
12,22.552052974751142,4.276327772066776,1
17,18.854393613596116,3.9528481977507335,1
15,7.753358152239205,2.4844667425934315,1
9,23.337723853162093,2.4094853650573813,1
17,6.763821284371718,3.762164035573166,1
12,2.0592889287557767,3.91370678411941,1
15,19.260739904841333,2.561956303645526,1
12,22.32156502175222,2.612527973513599,1
14,25.987342490414367,4.6313196230106115,1
14,3.801967918133371,3.035220610375598,1
18,10.868925866190175,3.949763052896998,1
18,16.688843798660713,3.129783514985883,1
13,0.3345410463976839,3.667419602130588,1
14,14.070084003320016,3.2471194089811775,1
12,5.6189928257599755,3.830691670255648,1
16,14.789654683516732,4.693995236031391,1
14,4.422613042259449,3.949568574348715,1
18,24.147868347912745,3.05012723079029,1
15,7.45099053813489,3.333309482986946,1
15,18.021356426561976,4.511088022857313,1
7,23.052637956497783,2.645932316311535,1
16,2.4893691214495983,4.901092642991334,1
6,11.980865205128659,2.8779705717916118,1
17,27.884733947106255,4.134075283998971,1
6,4.146889068254254,4.115296137467572,1
6,20.135831004944954,3.2848746335851544,1
6,12.693249913032876,4.626619074571913,1
5,27.01274699345015,2.33685801344855,1
5,0.41388723762867063,2.143905254217703,1
14,11.106276244237405,3.9435052811107774,1
7,2.039532179647059,4.046470899284567,1
7,5.657454689672,3.621087180657401,1
7,6.840322901660959,4.740950601869253,1
10,3.8396347628098217,4.940231348620216,1
14,6.686868996320651,3.2975247729098616,1
16,22.839370018721823,4.929585408231256,1
15,20.151820228888823,2.4900699992673228,1
10,19.311571384190287,3.68570458080787,1
7,15.900562337352714,4.75473713885074,1
7,4.1625249587129804,4.858878065155263,1
7,8.208001681891698,4.909438607148484,1
8,1.568038190194987,3.455021269099526,1
5,7.562108483603267,2.0495959832481785,1
18,14.832314976338013,3.947049088842815,1
14,25.51974009870202,2.0279193407330056,1
9,8.561879556951535,2.1658202765784753,1
9,22.884363611895616,3.893603605189823,1
13,21.5606102774182,4.433983358773982,1
13,14.441807553435753,4.237365916657903,1
15,13.723275312403185,3.8815032946069308,1
12,1.3228528494321867,3.961134009104195,1
17,11.974574254550548,4.845032800023433,1
15,29.83234675540374,2.535530835269457,1
12,12.231309420608937,4.515536111319052,1
15,4.360944683868481,3.4105595603396726,1
5,2.9688386612024207,2.440603852756436,1
5,18.82650949973009,3.389182872264573,1
12,3.512747945673632,4.019711059596753,1
19,21.61239171571397,2.246894502887853,1
15,4.432131093940318,3.6104886704782264,1
9,2.3759583061206593,2.471848119358965,1
8,17.17457754634948,2.3723049916716192,1
6,1.379514173211862,2.0153390997818277,1
6,10.0826393085348,2.427173882264979,1
9,3.987971439386846,4.754343866353819,1
8,20.322995843409988,4.022435992299013,1
10,20.660650114943323,4.5928389967908645,1
11,3.2868563550681817,4.567234664012993,1
14,22.74483788180788,4.177689229180427,1
7,27.69224455639263,2.1801817084291684,1
11,2.0710432364652998,3.2029260410557785,1
12,23.37571040121189,4.684059586231873,1
14,29.168655704716898,3.4959522775967717,1
12,1.5063633598645942,2.7625050443715833,1
11,18.793443213788297,4.332755674148319,1
6,25.17838869168694,4.872788651385478,1
10,6.287241967003747,4.565448964833981,1
10,26.349782778277785,2.926044248916979,1
18,10.353783073984765,4.531659195538858,1
19,28.191912336213548,2.274164601605275,1
10,12.608198798313245,2.8152647155705366,1
5,4.414092874256675,2.218142988249384,1
8,21.287682456409183,4.485597674887516,1
14,18.695358746974826,2.0818873485144715,1
6,6.145959736575235,4.433186037568815,1
18,2.215365635249383,4.972426273707126,1
9,28.44917412340162,3.1349606957258915,1
6,17.58715666153595,2.364432044799008,1
6,15.318858268141902,3.53842938445599,1
13,24.150975007771663,3.1129124799554546,1
19,10.21511818668438,4.425184633984959,1
9,4.006295226012522,2.3731998603420426,1
18,15.96576873307465,4.056387676941918,1
6,29.064535000707558,2.756643198825675,1
10,5.487291756003302,3.9191416883485974,1
16,29.6970887425978,2.7455166171155567,1
7,25.00135773379583,3.73644585440247,1
14,27.310705817160773,4.095044134244247,1
10,20.900529747329994,2.4918855685752668,1
9,24.54849803928046,2.0798471627705006,1
17,15.51697504179243,2.5507759434967237,1
15,24.8082536120907,2.886199555533409,1
9,20.588070545156274,2.5862557417316,1
7,3.6614928758706,2.0265535066847193,1
14,24.848019002025644,3.307700971957416,1
11,4.853308524814265,2.804298552595998,1
8,0.8108372709398737,2.5562691135596056,1
18,19.28504743475296,4.358569827175981,1
5,19.628926313194174,4.468407872948458,1
12,17.250064045760116,2.677403067683376,1
10,25.90385017639916,3.316044099772904,1
8,16.70891478068088,2.5673780574816303,1
7,2.898837690750846,4.563499731723706,1
10,26.52786853725512,2.167880791676244,1
11,11.499845094830548,4.994797796323729,1
13,14.861937809244766,2.3331216261227326,1
8,22.139159239179307,4.477102752267242,1
9,12.067359643449764,3.885646446862221,1
11,0.744938764760229,4.540205237349337,1
5,7.425480903769132,3.1778378411372286,1
9,17.84572733634627,3.227626090164055,1
6,3.7090090840650047,4.742955528599358,1
7,20.375595667598645,3.4865916110404975,1
6,13.585558103717922,4.280420661256618,1
7,4.070467340884313,2.7696445751432295,1
6,0.18910109487698556,2.827120257757467,1
14,20.48094739717743,2.7153263875404154,1
11,9.960432259654503,4.275049027469961,1
7,11.900755634143689,2.188831658146266,1
18,27.144264220556412,2.873715027794544,1
9,3.379044733671255,3.4577386129795165,1
12,10.981832479406846,4.743690599315574,1
17,0.7988582758103813,2.691540130593137,1
5,18.07903214191586,2.678493043932426,1
14,23.733937325187902,3.5208669631141305,1
7,8.346824295675203,4.049196691156624,1
6,21.998202817594493,4.718314219196542,1
5,1.4706411367254013,4.535035633864775,1
15,25.954456873999177,2.952350476962186,1
10,22.62209779604501,3.4572399012108157,1
10,12.836822687897895,4.281353167001324,1
10,1.486680917827019,3.692266654667972,1
6,19.88742146466674,4.640860313504735,1
7,11.31820979785567,3.343697839375255,1
11,6.108638025915187,4.760337454554058,1
19,3.1587607666462048,2.4751258904855815,1
18,2.4766229489058067,3.336082176661167,1
16,19.797989390704362,4.881093851931372,1
9,10.574986715919138,2.6219190524119864,1
13,26.519713081666147,3.435879741025991,1
12,9.343995008999357,2.433974887029062,1
19,22.476894191280067,4.290631052542146,1
6,24.116897376618866,3.612065429791329,1
17,24.34039497027339,3.8915864749197175,1
17,26.455413149633973,2.420595481073093,1
17,14.607589199968437,3.8256999216878835,1
8,2.405679317095304,4.886360432366403,1
9,26.994234519267838,4.72535303732077,1
10,10.446985936173219,2.480477258153014,1
8,19.656344099186903,2.8336674621913676,1
9,2.7861489986704377,3.0194462322199165,1
10,1.2275451952904515,4.146640000738435,1
19,10.176161956361803,3.957576318315276,1
15,19.6237515676256,2.4895902262075076,1
13,20.93669657601075,4.377420921286879,1
17,20.148772547083567,3.1595520449001633,1
18,15.393651836745011,2.2675583790418767,1
12,27.273126711203034,3.8659216161988823,1
16,18.279798291466285,3.9389206432813286,1
17,20.88490805325701,4.375076815908589,1
19,4.18046104869987,2.426230533588351,1
14,2.0422439344628107,2.873139843346247,1
17,10.629690316621398,3.2699388767108575,1
8,0.3253937234650117,3.5420146985932957,1
6,7.977547410969964,2.715116616837202,1
14,28.254372600993605,4.664240025198863,1
13,27.455766586552514,4.696603100362069,1
10,16.630712895347532,4.025969611529288,1
10,28.986427473980665,4.4795938214471756,1
7,3.9815642137071827,4.502447036010142,1
6,14.244008307412665,3.0349165834039735,1
10,20.240511465661676,2.0244076254001344,1
8,11.825432007365182,3.7397275666734844,1
18,13.042117215814693,3.9467131282956402,1
17,9.67410517271741,3.452864614621867,1
13,18.11526400374277,2.463664314990035,1
12,25.88148735646093,4.324553062685617,1
14,27.842503414774637,3.0616570202445663,1
11,2.8367648287028913,3.228723105711253,1
15,15.214410928728967,3.4386307691680433,1
13,6.131990056572566,2.7858112695336996,1
19,16.439183704104128,3.1273922930041067,1
17,1.5053910596011888,3.254174625005985,1
11,26.149530997103522,2.7705854510680634,1
8,15.094951518008392,3.9282896627362556,1
13,5.803652125062727,2.406223290136724,1
10,5.366426750958739,2.4427959319258106,1
11,25.466849917340383,4.338273851030837,1
11,21.869387384521016,4.552579217124229,1
17,5.717859697775088,2.432888559739467,1
15,21.102565651843502,4.200899129065271,1
18,3.3365284113570426,4.675288585016676,1
16,6.9119173386893085,2.9094545719582077,1
9,28.268143387711774,2.2998605608485274,1
13,25.556720456866625,4.333870551641754,1
12,12.338665326476432,2.3381691329478898,1
16,26.81727501444587,4.046348464023982,1
13,22.113762090132504,4.16234493888578,1
11,18.65979678893509,3.7938429074412023,1
13,9.604426892116187,4.960798451385283,1
12,19.352022394313646,2.6442678682557674,1
14,4.894297951730905,3.338647205109197,1
14,28.932109146823745,3.172176055397337,1
17,25.7237493307291,2.6796967900630784,1
5,22.17688457977011,2.5576697656322205,1
13,26.01137385494156,3.982433873702234,1
12,1.650893137976468,2.8611291907882577,1
5,21.842035392740254,3.424694334511266,1
9,29.887392735594016,3.8284776950318102,1
12,21.722685254011253,4.792379136988432,1
12,0.8004990097348952,4.80552795795772,1
9,4.708670805604322,3.555069586797094,1
8,16.009585241961535,4.471421319934241,1
6,13.399715817500004,2.05260227789407,1
9,17.635580307526105,4.683006688996477,1
15,13.43311753506133,3.5899768080573695,1
6,19.531374958461612,3.6584651710628666,1
9,21.78212365046127,2.429930624510214,1
15,27.750999559670866,2.7712843837420245,1
8,14.184749286559805,2.894197426972333,1
10,22.756945096660864,2.3122068472064794,1
5,7.647134280823594,4.5997448487796575,1
17,20.277353632464006,4.183761108282079,1
8,4.23647072946885,2.829305414151734,1
9,17.475813400666073,2.9805596586763654,1
14,19.506201180153017,4.6524243223194,1
15,9.544597794809535,2.3672226688887577,1
14,20.018999818515997,2.2614866108419585,1
5,3.9555499060014854,2.914261977810696,1
17,4.390026123252724,3.9425916568583435,1
19,15.513652065435867,2.9550981506909966,1
11,9.962614617573301,2.361926654982886,1
5,24.770063978496967,3.6941015684285468,1
15,12.806260191227146,2.8729226780566837,1
8,13.605716098926678,3.993729451185087,1
10,17.638319954750582,3.2325994914240557,1
14,17.5827831812522,2.505672317895466,1
9,0.6758011385326657,3.955942116595411,1
15,22.902585236992245,4.068167839883068,1
8,4.473871514041141,4.478176314633054,1
7,10.864545515021291,3.599440074174438,1
16,13.9865959039258,3.977040564004437,1
14,12.518339482324908,4.397414220044498,1
16,6.128751991038247,3.0843331575972686,1
14,19.081524270954578,4.177569485343091,1
18,28.98311852151361,3.5236460960884495,1
9,2.3613858556781886,3.692407055234483,1
6,1.118513873740763,2.6468384846387716,1
18,19.87203437849135,4.868077582745812,1
7,16.03602222707743,2.824882446717933,1
13,5.6303190777431835,4.453351117899002,1
7,13.348994795184897,3.684061774642564,1
5,26.145529446954924,3.5336678030410464,1
5,4.884270664820852,2.9408167906559455,1
17,10.182180365769641,4.750056317013987,1
8,21.191129793980107,2.235874996589873,1
6,7.587695346306392,2.4753491803568854,1
7,27.418931482366432,4.001325760191288,1
11,1.9041793176581956,2.0071598390562504,1
11,28.85441601272858,4.254007495843332,1
17,18.259811714193166,4.31757917223756,1
6,21.96973949031282,4.241438580387801,1
15,19.010846555604978,2.0706858925382985,1
16,17.72709540173077,4.601188988712005,1
19,7.137249748733014,4.635021665372294,1
13,4.3892684570502025,2.543546350413862,1
16,5.972401655249765,4.547728820341825,1
14,10.737918051256266,4.831044324979216,1
8,0.16680102407144126,4.716478624369632,1
16,5.270372424883888,3.608663655221029,1
13,17.42833399008914,4.2784485370648975,1
16,11.846140304459013,4.435356906291732,1
14,25.686842923979594,4.577704493043485,1
17,8.092322634166875,2.242286315460905,1
16,22.514341994454583,2.8244438149137703,1
8,5.792050956761798,2.689329685492911,1
18,10.542448950487794,2.8876423715628903,1
5,13.668825676936882,2.151769661917176,1
16,26.90803487320601,4.943226197309103,1
0,120.94359371018744,4.161503212450918,0
0,258.7172482083446,3.645506018514201,0
0,296.8015258591984,4.0004591094241295,0
1,156.6092516671547,5.291657875378035,0
0,214.48944842056176,5.901568138716906,0
0,316.3535985990927,4.370623300029592,0
0,202.6877449260032,3.570062111067614,0
1,253.9090385515576,4.412359760460184,0
1,330.9367283358274,3.672517918921,0
0,217.3751130333021,5.7052072109090854,0
0,243.27799330075703,5.545174895031307,0
0,340.89651086707846,5.450336399362888,0
1,130.21162131516212,4.701050997118944,0
0,161.59164505620166,3.3649387422566295,0
0,85.87549900553734,5.0687948504151175,0
0,124.29416741239345,3.362031085603453,0
0,216.72207927291052,5.007971322793852,0
1,143.18680460224823,4.145253977852911,0
1,331.9480958307417,5.477526314016703,0
0,255.71535792991727,3.7747510552955976,0
0,96.23877864842359,4.553342033592711,0
1,79.4882755659522,3.589310133062719,0
1,70.39541845279554,3.367901220657692,0
1,154.4922082006784,4.3589151325331565,0
0,134.67270626422078,4.537404294476454,0
0,222.52135340042264,4.600770670992785,0
0,266.34173477177154,4.53975447050174,0
0,355.3313558349787,5.111489220910832,0
0,286.5216583825248,4.2769938560435605,0
1,290.5541831024827,5.976221531042106,0
0,317.7600467137108,5.050152803260099,0
0,284.8525449028422,4.379780336453731,0
0,305.8406536405062,5.517920068789651,0
0,118.33474506292205,5.577834878524509,0
0,300.4675913384271,3.0435670726748514,0
0,196.38921536907998,5.914736642867792,0
0,320.1746751138181,4.05622846464143,0
0,300.0586832567816,4.717006397537293,0
0,308.973233099668,4.223573590339599,0
1,341.34172353270253,4.447809885033863,0
1,245.6410147420152,5.651398883146662,0
1,197.534646808724,3.900311079711071,0
1,115.80597989525735,3.82831619172227,0
1,115.78646136843858,4.41615929513797,0
0,80.63994329772775,3.1766996789012554,0
1,177.72925270161292,3.2631198443927034,0
0,117.62173815882899,5.110593412830549,0
0,95.3020243786773,5.199124263479357,0
0,330.10280180405726,5.183613391539716,0
0,243.07021976327547,5.58672476509919,0
0,90.094771371936,5.181232506306242,0
0,200.58325608353573,4.3827984158156825,0
0,220.21768615626237,3.081755380837627,0
1,235.92910964077595,5.411890917816226,0
0,96.28950727017985,3.7158160331255723,0
0,148.49823685720838,3.5914444322208023,0
1,208.02653977719473,5.284185059723235,0
0,265.8032662405787,4.223154513306332,0
0,218.20916246745475,5.312917556426582,0
0,311.70572716131727,4.7756478348383595,0
1,136.37484647916716,4.409987904851075,0
1,340.42134532097435,5.3684343988785805,0
0,165.84746943029438,3.701644011352863,0
0,331.18055827040934,5.983962047876894,0
1,177.464166593162,3.3831064400772464,0
1,338.8380095917021,3.377464730436175,0
0,60.54118223053767,3.505957372824758,0
1,162.4269332589547,5.126521557026486,0
0,97.24457936898348,4.210832611110178,0
1,290.7407673219525,5.075022500042241,0
1,296.76538937032205,5.170296309526551,0
0,171.71270839096775,5.524333401016007,0
0,119.13950519858867,3.7058894449123474,0
1,164.15322669310834,4.847585228345135,0
0,182.31334326080017,4.457177290086854,0
1,171.95787687153845,3.590894427311234,0
0,105.06589083427288,3.3544846839340647,0
0,170.1799436090828,3.207476096025236,0
0,150.1007462753055,5.433449379656106,0
1,244.185145545649,5.694166549806229,0
0,162.93565308999985,4.744661469571306,0
1,184.54210157686092,3.582144343716852,0
1,129.31672404873288,3.0770717037636492,0
1,247.98516619750717,5.799485086831563,0
0,256.60545156958983,3.8515369190212914,0
1,330.8280803593719,5.254976130028909,0
0,205.84758649283006,4.1213757539240685,0
1,195.40587551124722,4.722137516443636,0
1,79.42804915244756,4.025395291395599,0
0,359.68798835506277,3.0462223367062466,0
1,212.91794080677954,4.278402967485548,0
0,207.43784135173092,5.93214335659895,0
1,278.78679960636185,5.881804546288705,0
1,111.04644925725019,4.40674014833415,0
0,72.20582836248433,3.1489905691017386,0
1,159.8905226674492,5.163753675280251,0
1,100.40140149568326,5.136376447482487,0
1,338.60527457947796,4.613399224240474,0
0,74.7229266382366,5.41583953751037,0
1,114.07892020522225,4.781625899490505,0
1,192.76026959943832,4.090137224778541,0
0,278.0017669738381,3.5838458800292545,0
0,297.6622309433738,3.4465287994004252,0
0,98.45948133520206,5.348755046175153,0
0,259.1987981165649,5.659403989279507,0
1,110.20672767075622,5.649032896627409,0
1,151.6143453884713,5.558842440031611,0
1,80.78604118981657,3.828176890443391,0
1,112.80304470660671,5.598342191030861,0
1,343.3350371241977,3.421262174480274,0
0,288.5242517682525,5.681025530402163,0
0,279.80756464522966,4.166575343355911,0
1,242.40451172568947,3.5308497377007013,0
1,321.5506990890949,3.4230826026665007,0
1,139.38823734295076,3.1288466320049038,0
1,272.6470617865741,3.2994626522689012,0
1,111.02419730815122,3.209875674290769,0
0,130.57221163672185,4.691541193954706,0
1,162.80032466962828,3.4799543059455034,0
0,154.79763731489624,5.943038236022748,0
1,348.43717188456674,4.3886519124483065,0
0,83.32340364458001,4.944079845733113,0
0,346.3323562470463,5.493520589228897,0
1,290.1097782068577,5.542074919277595,0
1,183.86206767880958,4.8501322072951725,0
1,318.0852966065347,5.279899079202547,0
1,218.2647425034735,5.699464558057087,0
1,83.24067077530417,5.548765927364382,0
1,87.8586259615995,5.704703391997967,0
1,61.98912155980836,3.3738943113730198,0
1,218.87872699009554,4.410278238109449,0
0,88.07052503847626,4.834450114558464,0
1,112.96560928194619,5.591414675324549,0
0,213.14332694479285,5.560796770206847,0
1,151.2657382565059,3.760578619373991,0
0,359.8527856486089,4.341133294223091,0
1,158.1627145371115,4.510071501401121,0
0,275.24484529871455,5.600226408402183,0
0,127.85141203178779,3.8909744340516843,0
0,91.867759418317,3.410942912586597,0
1,273.7630414273661,3.800598368378869,0
1,269.2064595690705,4.075078988666502,0
0,323.31174697159275,3.2203219237862832,0
0,274.75072333917814,3.7039297173266688,0
0,70.08289504626615,5.492344889309371,0
0,356.1635414234417,4.366528794604857,0
1,250.88384354611057,3.224138639688114,0
0,231.01039462747016,5.171507230935101,0
0,287.3912728351543,3.0897012505506614,0
1,334.15480913474744,4.4326858570427525,0
1,357.5073174674605,5.484341211808935,0
1,169.0294463697208,3.703684831198962,0
1,190.89882073106824,3.8667249547887996,0
0,317.6692668106979,3.4879245278323077,0
1,281.52742105406395,5.11874317015596,0
1,103.01631167355985,3.2826735785065866,0
0,182.474678333858,3.685549863300898,0
1,142.06575604666898,5.0467013232194615,0
0,333.7501170313145,3.1242832535080662,0
0,358.40280447166396,3.01450635009469,0
1,213.62208847148972,3.022440888736671,0
0,137.16866493316786,5.665352956860683,0
0,242.7850353707135,4.115133457449933,0
0,229.08450608087617,3.838582574217253,0
1,178.13150833892968,4.514090627679678,0
1,348.51813647585925,3.6615139743908163,0
1,210.81967101708793,3.0296477663082753,0
0,205.81465856493227,3.409038466614946,0
1,339.69355007105395,3.152833486327797,0
1,269.6153249315008,5.86079835193911,0
1,318.75418306591,4.070639906920665,0
1,245.08856129693106,4.431646955717861,0
1,305.550297236658,5.073440769513409,0
0,147.6962837315803,5.964652896352202,0
1,170.08279090012377,4.975902495063712,0
1,145.69295993626142,5.643019014216061,0
1,132.49035680418677,5.810180720347225,0
1,152.4868704522151,3.1994397130298102,0
1,100.47838153838612,3.006763967520767,0
0,274.46395851740755,4.148247223810301,0
1,63.13108357735267,5.983563715734835,0
1,77.01236426989988,5.934704612145058,0
1,299.0867580763941,3.5910090091706426,0
1,62.62368402926027,5.008554072712789,0
1,324.13421439996415,4.568489060146517,0
1,159.43099087433896,4.336390850935614,0
1,136.5195599229125,4.45650257303258,0
0,264.4959527209669,4.505539039621183,0
1,317.64675200853117,3.92240966842677,0
0,158.82545260482354,4.975063158396465,0
1,72.06204081084262,5.646436393384209,0
1,79.55745966734574,3.899054290834828,0
0,174.1679662672286,4.896372822198602,0
0,272.64573388652786,5.585911361184203,0
0,207.7449863948627,4.150553923191215,0
1,326.2023967561872,4.828574451890797,0
1,222.42612632472034,4.937418946393386,0
0,226.9762117748715,3.8975486221907323,0
1,112.57954827755353,5.184682388030676,0
1,262.7721524948289,5.962696191877012,0
1,352.75652569358965,3.579954819099389,0
0,210.36400211414832,4.5428165098953555,0
0,322.18516978619255,3.539809933175321,0
0,188.55246203502338,3.8813461230450086,0
1,189.62107979780035,3.0832022127449106,0
1,179.19202911989063,5.8823817446555315,0
1,315.3389581045664,5.6641890711506475,0
0,216.0441405800099,5.130009215678671,0
0,240.03119567905512,4.448242950243243,0
0,324.6846458146787,4.595795022394246,0
0,163.39537554277004,5.378495209379136,0
1,224.80097589494423,3.6449858391478056,0
0,270.9195430960766,5.92166609333918,0
0,242.80711876810912,4.500105881969485,0
0,162.55144363329444,5.907240731656052,0
1,107.6100207063255,3.373378219276712,0
0,124.11822790046318,5.313655060715932,0
0,256.06792382969354,5.66701125071274,0
1,84.02240722184249,3.159313911716953,0
0,139.6680429468597,4.73883529086144,0
0,117.53292056896014,3.0315576517573293,0
1,303.5839188087665,3.8975569820603995,0
0,115.9688625352641,4.136163020714953,0
1,293.33846928303535,4.1993418934366735,0
0,136.7890682709126,4.159883170552812,0
0,80.75897032854428,4.934837348968966,0
0,88.93078796890241,4.968649024138021,0
1,258.8336163293077,5.938617744846088,0
0,264.2128275887389,5.2846908772424275,0
1,219.97218149788156,5.470702899415831,0
1,298.19468396262374,4.724046624692764,0
0,316.3467872479857,3.24606137282291,0
0,185.39614466102574,4.862713124282402,0
0,256.3492547795793,3.3662110015730704,0
0,275.8045955534795,3.480002455096532,0
1,336.24262376306126,5.170029590464108,0
0,168.10779451246165,5.050384033700085,0
0,244.83097297935643,3.350733977192641,0
1,172.46255985898804,4.6759565085934325,0
1,68.50679002291216,3.8789975344454337,0
1,86.62011169140999,5.076538909050511,0
1,172.5042787178739,3.5090916757617445,0
0,251.33275292168454,4.9099094223744775,0
0,229.39143654411666,4.277723508551162,0
0,117.2509901291155,3.0127080687495162,0
0,74.64125004781555,5.421470328505591,0
1,346.3177099491611,3.59803406494659,0
1,137.34391490460675,5.467811917446644,0
1,328.0369688376155,3.5965943873731416,0
1,321.19257593338165,3.857000398526558,0
0,223.2232510012274,5.854652813377489,0
0,211.4921658395103,4.545257415337551,0
1,308.11078299811606,4.473501337137732,0
0,296.5493240552896,3.929718939860824,0
0,154.953354397977,5.181132087119139,0
0,135.17144370934145,4.577668898155402,0
1,173.8741811833985,4.283712207399762,0
1,342.03383534842607,4.8790612794595045,0
0,220.66423159179251,5.44908467193212,0
1,164.92987578909583,4.6470925305412525,0
0,153.32246679588573,3.7750956772029127,0
1,239.17148908501804,4.400291045108118,0
0,134.15878541125315,4.174347635373874,0
0,294.0225816048946,4.40652209512759,0
1,265.09865021140024,3.9359956881597444,0
0,90.5145416537732,4.118142692638851,0
0,349.7809675163663,4.623171544368784,0
1,89.99319149500363,3.046863212125839,0
0,90.50901596014307,5.452545493557363,0
1,104.41589701719296,3.9115746148738313,0
0,220.56518083941768,5.299714318279441,0
0,255.40046551282694,3.2376421076311117,0
0,249.9632685827323,3.9493377682321267,0
1,325.1992084135425,4.421666457612612,0
1,182.38417624576329,3.9757885047435377,0
0,220.10812306403335,3.0742921678450026,0
1,242.1515422933899,3.4385657099495477,0
1,299.5413247498166,5.478341033762076,0
0,292.45215157469323,4.715344098909977,0
1,166.0176281502714,5.213661726983434,0
0,355.77357180253534,3.702836460039551,0
1,159.1092880655656,5.564931250783517,0
1,290.2112765784566,5.968921244518218,0
1,180.9786075516497,3.3320569486756275,0
1,259.10710537393203,4.9133282430768634,0
0,126.09974449685251,5.73872495483629,0
0,321.75728911817305,4.603697537506001,0
1,61.3799734488472,5.0887410436282,0
1,196.10605432786292,5.407789119582561,0
1,242.14695766307887,5.357267884161731,0
0,65.83001954970494,3.2885853224946233,0
0,220.8443777709837,3.682520272482374,0
0,304.3423220618969,3.2362476297052267,0
1,359.0694703881814,4.808415739251822,0
1,275.652192910618,3.903028665340254,0
0,66.82400424638102,3.151493367405782,0
0,71.61056288297955,4.461241223982822,0
1,171.6268913450795,4.239498325178754,0
1,253.35813846269753,3.9642925542629657,0
0,165.2158675206799,5.07947419000905,0
3,41.74605232644575,3.4715254340864483,0
4,46.57302200438655,2.6755813466044147,1
2,87.53722702928499,3.237747995264484,0
4,57.42077238951607,2.0724728069581495,1
3,34.32015041347103,1.5103603377875903,1
2,24.542871564662697,2.8483065738798707,1
1,28.645508489378084,2.605893196535064,1
2,31.332917547492606,3.4376521745261126,0
1,51.2643047332267,3.261388642065663,1
2,32.31922909187355,3.2091674119726816,1
2,42.69044705946798,1.743671608371609,0
1,84.41284195796172,1.9698274249560657,0
3,89.14494463066569,2.437269083499891,0
3,89.67932453230941,3.060687456258221,1
1,83.12705207287645,2.7683662582931223,0
3,39.63761376658347,1.8010921332095953,1
3,48.219516160084375,1.6103842216765352,0
1,24.654899794795305,3.2386746587058344,0
3,39.3763446653495,1.5387954281834801,0
4,37.18435530288688,3.4444329495610466,1
1,26.74035086534811,2.4739109984860397,1
2,26.310653626683557,1.7383825163161768,1
1,63.40173568433476,1.7973318608681617,1
3,48.96707873822391,2.9284148854167897,1
2,40.62785581190915,3.4562807324810603,1
3,39.058553820519144,2.689286415846488,0
4,22.722928806084607,3.160547304884516,0
4,42.51089767488716,1.8972161920343125,1
4,55.74227037388112,3.258167959061918,0
2,20.541602692383137,2.164174638576487,0
2,39.334961438786586,2.0167739666149815,1
4,57.8329003692678,1.7923092346589549,1
2,79.53714672670021,3.48376833706317,0
2,83.25368350246207,3.4866077902342263,0
2,69.36910480125495,2.5117303376969833,0
2,30.72286929348793,1.7914478491157275,1
1,23.09928835778944,3.125131036189111,0
1,69.23378821536032,3.3294094548786983,0
1,76.87251036050174,3.3281344418615935,1
2,20.951578873970387,1.8614524653957678,1
3,71.05303072018967,1.8053940231742085,0
4,51.04932657035887,2.8311391297745763,1
4,24.922368418537967,2.2172111341317673,1
4,34.330570097810835,1.9806287876354167,1
4,23.71884207822926,1.5068502830035733,0
4,79.45046680779681,2.5778445832783046,0
1,56.71167628996814,2.2286289736334375,1
4,21.625823239324973,2.1518382516007506,0
2,67.85553501250166,2.9644058138837965,0
4,49.279487394812094,3.0531256938489433,0
4,25.335809006728134,3.1992144265442914,1
2,69.17842390137898,3.3148328855574154,1
4,69.01508814695732,3.4420544562766766,1
2,66.60702953509872,2.1530582055937186,0
4,86.20341089729175,3.2226894294832187,0
3,25.031631834578896,3.466923958424758,0
3,51.241603586275126,2.3364640264980947,0
4,52.588827078822206,1.9719940499185664,0
4,62.26085636116552,1.5310517255268323,0
2,40.33614143518584,3.2926895562385603,0
2,70.07534860468691,1.8854135756900228,0
1,83.23109707373293,3.361495062472264,1
1,30.213872692328074,2.6290400871754196,1
3,37.422567228723715,2.306885554300963,1
2,85.77177387009087,2.8268648903466866,1
1,26.02637318716571,2.511456581279445,0
2,51.212389909654874,3.076359157933014,1
1,83.23112668515071,3.045654303584106,1
4,69.53881318261755,2.636476329482966,0
3,70.04426987000774,2.6250468014415604,0
1,66.71748481079999,2.753355304346945,1
2,68.49131084250288,1.8289392014112658,1
1,22.491111371261816,3.1395843634814207,1
4,31.86423819370852,1.9788609923561902,0
3,50.86666786571826,2.680264470516658,0
3,30.584144607996162,3.165106917828459,0
2,31.122086266428262,2.4613459577327648,0
4,70.46672264587906,3.4713122689610794,1
4,28.08129822990423,2.5762352834375113,0
4,22.07832534450832,1.661483260264526,1
2,63.062445847072496,2.4159018730240094,0
4,48.771988719597964,2.8529724125384073,0
4,36.6148838812137,2.4235647789491104,0
2,67.8256139315829,2.107364941726755,0
1,61.264653579509826,3.315567109668416,0
4,87.98555420023455,1.976260309471749,0
2,76.5676968284937,2.966108750382745,1
4,49.16614498936165,2.827516576167096,0
3,74.8214043214802,3.0975091124742598,0
2,23.56674852390801,2.1614304792021124,1
4,51.548536827060126,2.057016700246871,1
1,58.09731128409926,2.4538524190821933,0
4,86.40384666620423,2.0340824609932975,0
4,59.14961254670689,1.5880591628765703,0
2,45.16645639230771,2.3037033589765015,1
4,68.84836184142279,1.5462877178994403,1
1,53.367213961153034,2.0176030216123744,1
3,63.596698593089215,2.9065030673363363,0
2,74.7176261643977,2.2438769681156137,0
1,44.12190623897345,2.639938638357529,0
2,77.16070734083921,1.5053095056920027,1
2,27.33728705491346,3.465340170637824,1
1,27.456862618821976,2.238659468933027,1
4,77.86659543864172,1.8267052983619188,1
4,79.94923829631209,1.8719372848768212,0
3,52.029601464836745,2.159545992205813,1
4,48.507773440854535,2.586202375272709,0
3,75.16111862364563,1.60498970386746,0
3,28.902319196322455,3.0153272041485955,1
2,71.95799675353551,3.469107433078795,1
4,20.796619307085315,1.5398237358286402,1
4,44.07864130460913,1.7954706461112095,1
1,48.84522879434155,3.0389617622343286,1
4,78.39541223787953,2.715729348356784,0
1,60.200530932198646,3.3650881266922434,0
4,39.74727303520157,2.2425040201278645,1
1,60.97792823644964,1.8287322422190468,1
2,74.50186894451389,2.7085835942685326,1
3,26.165316592764146,1.8725255081598273,0
3,45.448716680235904,2.088727784825282,1
3,80.99787109602966,3.3310277869208598,1
3,60.571971757503775,3.178879522256958,0
4,50.15424483599851,2.3434592831608865,1
2,70.16676572224083,2.8339679758086738,0
2,23.559780039431228,3.4554520085091944,1
2,42.089103213280346,2.615990814243956,0
1,86.14871091175596,2.8451938616742574,1
4,48.81035534152711,3.3376231004102266,0
4,40.94187855529463,3.3354744136662484,1
2,48.551741541867266,1.595884716317821,0
3,33.900307659233896,2.891274869673656,0
2,40.06436347602727,3.411881472119356,1
3,32.20802367133211,2.0361635061523655,0
4,79.01542098717948,1.7602191240851655,0
3,66.48048001194724,1.6342405540976301,0
3,67.58255950784248,2.748032098567666,0
3,70.45075974826457,1.5823612064430932,1
4,84.28760195663352,2.615526315192673,1
1,81.46287659018118,1.9848137701312238,1
4,89.2397917327165,2.9631402686623822,1
1,74.52547854901329,2.5817238215658675,0
2,78.18811633306697,2.0248881723091703,0
2,84.40043707318722,2.696081430385992,0
2,32.33792528950265,1.5809723866593532,1
1,81.41622256304171,1.6411307500661254,1
3,29.2737554625611,2.6359226625842282,0
4,56.72520455228112,1.8322496669713912,0
3,32.47438624587257,3.09020056438398,1
1,67.49223209378134,3.0120224086493694,0
4,67.99951476275265,3.3881702265467672,0
1,66.08375888814692,3.0802887295251686,1
2,24.818367745627263,1.9052333938953783,1
3,45.33299461477413,1.539737209695723,0
2,35.69025302268266,1.6098917592775421,0
4,84.65279168445151,2.5745928112602154,0
2,51.929356005928156,3.2614648663251384,0
4,25.73920472764206,2.806122216967117,0
4,79.32279673089248,2.145432859802333,1
4,89.10146626283543,1.9732600383644694,1
3,83.23441865952388,2.358214852500823,0
3,53.088039161993386,2.0622396162959453,0
3,32.92358859603486,1.6637933387192168,0
1,35.189523357017606,3.334799299950334,1
3,38.84473734076222,2.4012765165389784,0
2,57.80798409633962,3.0508677869031446,0
1,29.80087355301589,1.569695192944678,1
4,70.00819712797164,3.220386721734513,1
1,56.568499067968396,3.3219252506790085,0
4,34.293886452053684,1.5265954818318852,1
2,46.58866027393869,2.17210960587803,0
3,21.917890012651085,3.3198612793517777,1
3,88.71172384302825,1.7416778490955964,1
3,30.725105430123612,1.7180128278818325,1
3,44.774373404335186,2.830892166472744,1
3,20.6786502445664,2.3530423326475685,1
2,74.30441913007456,3.4577841325747216,0
4,22.106551394590802,3.4240730091423552,0
1,87.70316113333361,1.644398334031492,0
4,44.85739178156907,2.6933415456035337,1
1,73.26386700364777,2.3939816306173274,1
1,25.091873480355716,2.993557844428798,1
1,43.82822241401889,3.0307485137715036,0
2,47.58415741241848,2.9817943177536215,0
3,36.43973153375501,2.3284808909478234,0
2,85.21353706759604,3.367523421539089,0
1,39.992394921626364,2.511221440241833,0
2,44.29852817470273,3.088877348621983,1
4,39.21791444799348,3.035689265106103,0
1,24.06729429715874,2.4066518225397044,1
4,63.8121895613631,3.4751059184316313,0
1,59.774440731507184,3.4083222824883,0
2,82.25255615961798,1.6041878954789324,1
1,24.701468628734972,2.3845025181091346,1
3,60.62416421380504,2.176122665140741,1
4,54.724311050395826,3.4627924109002812,1
3,43.70437847368783,3.178564625183128,1
1,23.58225499565698,2.8608620664136897,1
4,36.55542411283159,2.5938418674826256,1
2,29.855024118691652,2.879886795650703,0
4,68.29091904455515,3.023040888114644,0
